{"scoring":null,"notes":"В первом примере массив $a_1, a_2, \\ldots, a_n$ равен $2, 1, 7, 5, 6$, его XOR-сумма равна $7$.  \r\n\r\nПервый запрос в примере включает индексы $1,2,3$, поэтому ответ на запрос равен $a_1 \\oplus a_2 \\oplus a_3 = 2 \\oplus 1 \\oplus 7 = 4$.\r\n\r\nВторой запрос в примере включает индексы $2,3,5$, поэтому ответ на запрос равен $a_2 \\oplus a_3 \\oplus a_5 = 1 \\oplus 7 \\oplus 6 = 0$.\r\n\r\nПервый запрос в примере включает индексы $4,1,5$, поэтому ответ на запрос равен $a_4 \\oplus a_1 \\oplus a_5 = 5 \\oplus 2 \\oplus 6 = 1$. Обратите внимание, что индексы можно выводить в любом порядке.\r\n\r\nОбратите внимание, что в примере сделано три запроса для демонстрации взаимодействия, но они \\textbf{не обязательно} следуют оптимальной стратегии.\r\n\r\nВо втором примере невозможно вычислить XOR-сумму массива, поэтому нужно сразу вывести $-1$.","legend":"\\textit{Это интерактивная задача}\r\n\r\nXOR-суммой массива $a_1, a_2, \\ldots, a_n$ ($1 \\le a_i \\le 10^9$) называется величина $a_1 \\oplus a_2 \\oplus \\ldots \\oplus a_n$, где $\\oplus$ обозначает операцию \\href{https://ru.wikipedia.org/wiki/Сложение_по_модулю_2}{побитового исключающего ИЛИ}.\r\n\r\nМаленьких Дорми на Рождество получил массив из $n$ целых $a_1, a_2, \\ldots, a_n$. Однако вскоре он уронил его в XOR-машину, и массив был утерян.\r\n\r\nВ настройках XOR-машины установлено целое число $k$ (которое вы не можете менять), и вы можете делать запросы к XOR-машине: дав машине $k$ \\textbf{различных} индексов $x_1, x_2, \\ldots, x_k$, вы получите значение $a_{x_1} \\oplus a_{x_2} \\oplus \\ldots \\oplus a_{x_k}$.\r\n\r\nКак старший брат Дорми, вы хотите помочь ему восстановить \\textbf{XOR-сумму} массива $a_1, a_2, \\ldots, a_n$, сделав несколько запросов к XOR-машине.\r\n\r\nМаленький Дорми нетерпелив, поэтому вы должны сделать \\textbf{минимальное} количество запросов к XOR-машине, чтобы найти XOR-сумму массива. Формально, пусть $d$ равно минимальному числу запросов, необходимому, чтобы найти XOR-сумму любого массива длины $n$, когда размер запроса равен $k$. Ваше решение будет зачтено, если вы найдете XOR-сумму за не более чем $d$ запросов.\r\n\r\nВы заметили, что для некоторых настроек машины $k$ и некоторых значений $n$ может быть невозможно найти XOR-сумму, в таком случае вы должны определить это.\r\n\r\nМассив $a_1, a_2, \\ldots, a_n$ зафиксирован до того, как вы начнете делать запросы к XOR-машине, и не меняется в процессе взаимодействия.","authorLogin":"Plasmatic","language":"russian","timeLimit":1500,"output":"Если невозможно вычислить XOR-сумму массива, выведите $-1$ \\textbf{сразу} после чтения $n$ и $k$. Не начинайте взаимодействие.\r\n\r\nИначе, когда ваша программа определит XOR-сумму найденного массив $a_1, a_2, \\ldots, a_n$, выведите ответ в следующем формате: <<\\texttt{! x}>>, где $x$ равен XOR-сумме массива $a_1, a_2, \\ldots, a_n$, и завершите программу сразу после сброса буфера вывода. \r\n\r\nВывод ответа не считается за запрос.","inputFile":"stdin","outputFile":"stdout","input":"Первая строка содержит целые числа $n$ и $k$ ($1 \\le n \\le 500$, $1 \\le k \\le n$) \"--- длину массива и размер запросов к XOR-машине.\r\n\r\nЭлементы массива удовлетворяют $1 \\le a_i \\le 10^9$.\r\n\r\nМожно показать, что если возможно найти XOR-сумму в данном тесте, то это можно сделать за не более чем $500$ запросов. Поэтому $d \\le 500$.\r\n\r\nПосле чтения $n$ и $k$ вы можете начать делать запросы.","authorName":"Moses Xu","sampleTests":[{"output":"? 1 2 3\r\n\r\n? 2 3 5\r\n\r\n? 4 1 5\r\n\r\n! 7\r\n","input":"5 3\r\n\r\n4\r\n\r\n0\r\n\r\n1\r\n","inputFile":"example.01","outputFile":"example.01.a"},{"output":"-1\r\n","input":"3 2\r\n","inputFile":"example.02","outputFile":"example.02.a"}],"name":"Потерянный массив","interaction":"Чтобы сделать запрос, выведите <<\\texttt{? b}>>, где $b$~--- массив из ровно $k$ \\textbf{различных} целых чисел от $1$ до $n$, обозначающий индексы элементов, XOR-сумму которых вы хотите узнать.\r\n\r\nЗатем считайте одно целое число $x$~--- XOR-сумму запрошенных элементов. Можно показать, что $0 \\le x \\le 2 \\cdot 10^9$.\r\n\r\nПосле вывода запроса не забудьте вывести перевод строки и сбросить буфер вывода. В противном случае вы получите вердикт \\t{Решение <<зависло>>}. Для сброса буфера используйте:\r\n\r\n\\begin{itemize}\r\n\\item \\t{fflush(stdout)} или \\t{cout.flush()} в C++;\r\n\\item \\t{System.out.flush()} в Java;\r\n\\item \\t{flush(output)} в Pascal;\r\n\\item \\t{stdout.flush()} в Python;\r\n\\item смотрите документацию для других языков.\r\n\\end{itemize}\r\n\r\n\\textbf{Если вы сделаете некорректный запрос, или сделаете больше, чем $500$ запросов, взаимодействие немедленно прекратится и вы получите вердикт <<Неправильный ответ>>. Обратите внимание, если вы превысите $d$ запросов, взаимодействие продолжится до тех пор, пока вы не превысите лимит в $500$ запросов, а потом все равно получите вердикт <<Неправильный ответ>>.}\r\n\r\n\\textbf{Взломы}\r\n\r\nЧтобы взломать решение, используйте следующий формат.\r\n\r\nПервая строка содержит целые числа $n$ и $k$ ($1 \\le n \\le 500$, $1 \\le k \\le n$).\r\n\r\nВторая строка содержит массив целых чисел $a_1, a_2, \\ldots, a_n$ ($1 \\le a_i \\le 10^9$).","memoryLimit":268435456,"tutorial":""}