{"scoring":null,"notes":"For example $1$, by disturbing both blocks of sand on the first row from the top at the first and sixth columns from the left, and the block of sand on the second row from the top and the fourth column from the left, it is possible to have all the required amounts of sand fall in each column. It can be proved that this is not possible with fewer than $3$ operations, and as such the answer is $3$. Here is the puzzle from the first example.\r\n\r\n\\begin{center}\r\n\\includegraphics[scale=0.4]{f2_sample1.png}\r\n\\end{center} \r\n\r\nFor example $2$, by disturbing the cell on the top row and rightmost column, one can cause all of the blocks of sand in the board to fall into the counters at the bottom. Thus, the answer is $1$. Here is the puzzle from the second example.\r\n\r\n\\begin{center}\r\n\\includegraphics[scale=0.4]{sample2.png}\r\n\\end{center} \r\n\r\nFor example $3$, by disturbing the cell on the top row and rightmost column, it is possible to have all the required amounts of sand fall in each column. It can be proved that this is not possible with fewer than $1$ operation, and as such the answer is $1$. Here is the puzzle from the third example.\r\n\r\n\\begin{center}\r\n\\includegraphics[scale=0.4]{f2_sample3.png}\r\n\\end{center} ","legend":"\\textbf{This is the hard version of the problem. The difference between the versions is the constraints on $a_i$. You can make hacks only if all versions of the problem are solved.}\r\n\r\nLittle Dormi has recently received a puzzle from his friend and needs your help to solve it. \r\n\r\nThe puzzle consists of an upright board with $n$ rows and $m$ columns of cells, some empty and some filled with blocks of sand, and $m$ non-negative integers $a_1,a_2,\\ldots,a_m$ ($0 \\leq a_i \\leq n$). In this version of the problem, $a_i$ will always be \\textbf{not greater than} the number of blocks of sand in column $i$.\r\n\r\nWhen a cell filled with a block of sand is disturbed, the block of sand will fall from its cell to the sand counter at the bottom of the column (each column has a sand counter).  While a block of sand is falling, other blocks of sand that are adjacent at any point to the falling block of sand will also be disturbed and start to fall. Specifically, a block of sand disturbed at a cell $(i,j)$ will pass through all cells below and including the cell $(i,j)$ within the column, disturbing all adjacent cells along the way. Here, the cells adjacent to a cell $(i,j)$ are defined as $(i-1,j)$, $(i,j-1)$, $(i+1,j)$, and $(i,j+1)$ (if they are within the grid). Note that the newly falling blocks can disturb other blocks.\r\n\r\n\r\nIn one operation you are able to disturb any piece of sand. The puzzle is solved when there are \\textbf{at least} $a_i$ blocks of sand counted in the $i$-th sand counter for each column from $1$ to $m$.\r\n\r\nYou are now tasked with finding the minimum amount of operations in order to solve the puzzle.  Note that Little Dormi will never give you a puzzle that is impossible to solve.","authorLogin":"Dormi","language":"english","timeLimit":2000,"output":"Print one non-negative integer, the minimum amount of operations needed to solve the puzzle.","inputFile":"stdin","outputFile":"stdout","input":"The first line consists of two space-separated positive integers $n$ and $m$ ($1 \\leq n \\cdot m \\leq 400\\,000$).\r\n\r\nEach of the next $n$ lines contains $m$ characters, describing each row of the board. If a character on a line is `\\t{.}', the corresponding cell is empty. If it is `\\t{#}', the cell contains a block of sand.\r\n\r\nThe final line contains $m$ non-negative integers $a_1,a_2,\\ldots,a_m$ ($0 \\leq a_i \\leq n$) --- the minimum amount of blocks of sand that needs to fall below the board in each column.  In this version of the problem, $a_i$ will always be \\textbf{not greater than} the number of blocks of sand in column $i$.","authorName":"Allen Pei","sampleTests":[{"output":"3\r\n","input":"5 7\r\n#....#.\r\n.#.#...\r\n#....#.\r\n#....##\r\n#.#....\r\n4 1 1 1 0 3 1\r\n","inputFile":"example.01","outputFile":"example.01.a"},{"output":"1\r\n","input":"3 3\r\n#.#\r\n#..\r\n##.\r\n3 1 1\r\n","inputFile":"example.02","outputFile":"example.02.a"},{"output":"1\r\n","input":"7 5\r\n.#..#\r\n#....\r\n..##.\r\n..##.\r\n..###\r\n..#..\r\n#.##.\r\n0 0 2 4 2\r\n","inputFile":"example.03","outputFile":"example.03.a"}],"name":"Falling Sand (Hard Version)","interaction":null,"memoryLimit":536870912,"tutorial":"\\textbf{Note: If you have not already read the editorial for $F1$, please do so, as this editorial continues on from where that editorial left off.}\r\n\r\nWhere $F2$ differs from $F1$ is that not all blocks of sand have to fall, instead only some subset of them within each column need to fall. \r\n\r\nLet's go back to the Directed Acyclic Graph constructed in $F1$. Instead of all nodes being required to be reachable, we only need the nodes which are the first $a_i$ blocks of sand within each column (counting from the bottom) to be reachable. Let's denote the set which contains the nodes which have to be reachable as $S$.\r\n\r\nWe can then observe that $S$ can be reduced down to just the $a_i^\\texttt{th}$ block of sand within each column as all blocks of sand below will be distributed when it is disturbed. Let us call the nodes that are left in this set ``special nodes''. \r\n\r\nFrom here, observe that any special node $X$ that is reachable from another special node $Y$ can be removed from $S$ as a disturbance of the node $Y$ will also guarantee that $X$ will be disturbed. Now remove all such nodes from $S$. Note that these nodes can be found with BFS or DFS.\r\n\r\nNow I claim that all nodes within the graph will reach some subarray of $S$ when $S$ is sorted by column index (if a node represents multiple nodes within the puzzle, take the left-most column). Let us call this sorted array of $S$ as $A$.\r\n\r\nProof:\r\nImagine a node $X$ that does not reach an exact subsegment of $A$. This means that it must reach some node $i$ on the puzzle and then another node $j$ such that they are both in $A$ and none of the special nodes on the columns between them are reachable. Let's denote a random special node that is not reachable as $Z$. As you can only go directly from one column to the next, $X$ must reach some set of nodes on the columns between $i$ and $j$. Denote the reachable node which is in the same column as $Z$ as $K$. If $K$ is above $Z$ in the column, $Z$ is reachable from $K$, and thus reachable from $X$. Thus, $K$ must be below $Z$. However, this means that $K$ is reachable from $Z$. As $K$ is used to reach either $i$ or $j$ depending on which side $X$ is on (WLOG, assume its $j$), $j$ must also be reachable from $Z$. But since $Z$ is a special node, $j$ can not be part of the set $S$ and array $A$. This creates a contradiction, proving that $X$ must reach an exact subsegment of $A$.\r\n\r\nNow run a dp on the directed acyclic graph and find the minimum and maximum index of $A$ that is reachable from every node.\r\n\r\nThe question is then converted to, given some intervals, what is the minimal amount of intervals that will be able to cover the entire range of $A$. This question is well known and can be solved in many ways. \r\n\r\nOne of the simplest methods is a greedy approach. Loop from left to right on $A$, maintaining the rightmost index of an interval that starts before or at the current index and also maintain the furthest right that any taken interval reaches. As soon as you reach an index that is not within the range of taken intervals, take the interval with the rightmost index and add one to the answer. The final answer is then the value after the loop has completed.\r\n\r\nFinal Complexity: $\\mathcal{O}(nm)$ or $\\mathcal{O}(nm \\cdot \\log(nm))$ depending on implementation. \r\n\r\n"}