{"scoring":null,"notes":"Here is the tree from the first example.\r\n\r\n\\begin{center}\r\n\\includegraphics[scale=1]{hidden-tree-sample-1.png}\r\n\\end{center}\r\n\r\nNotice that the edges can be output in any order.\r\n\r\nAdditionally, here are the answers for querying every single node in example $1$:\r\n\r\n\\begin{itemize}\r\n\r\n\\item $1$: $[0,1,2,2]$\r\n\\item $2$: $[1,0,1,1]$\r\n\\item $3$: $[2,1,0,2]$\r\n\\item $4$: $[2,1,2,0]$\r\n\r\n\\end{itemize}\r\n\r\nBelow is the tree from the second example interaction.\r\n\r\n\\begin{center}\r\n\\includegraphics[scale=1]{hidden-tree-sample-2.png}\r\n\\end{center}\r\n\r\nLastly, here are the answers for querying every single node in example $2$:\r\n\r\n\\begin{itemize}\r\n\r\n\\item $1$: $[0,4,1,3,2]$\r\n\\item $2$: $[4,0,3,1,2]$\r\n\\item $3$: $[1,3,0,2,1]$\r\n\\item $4$: $[3,1,2,0,1]$\r\n\\item $5$: $[2,2,1,1,0]$\r\n\r\n\\end{itemize}","legend":"\\textit{This is an interactive problem}.\r\n\r\nLittle Dormi was faced with an awkward problem at the carnival: he has to guess the edges of an unweighted tree of $n$ nodes! The nodes of the tree are numbered from $1$ to $n$.\r\n\r\nThe game master only allows him to ask one type of question:\r\n\r\n\\begin{itemize}\r\n\r\n\\item Little Dormi picks a node $r$ ($1 \\le r \\le n$), and the game master will reply with an array $d_1, d_2, \\ldots, d_n$, where $d_i$ is the length of the shortest path from node $r$ to $i$, for all $1 \\le i \\le n$.\r\n\r\n\\end{itemize}\r\n\r\nAdditionally, to \\sout{make the game unfair} challenge Little Dormi the game master will allow at most $\\lceil\\frac{n}{2}\\rceil$ questions, where $\\lceil x \\rceil$ denotes the smallest integer greater than or equal to $x$.\r\n\r\nFaced with the stomach-churning possibility of not being able to guess the tree, Little Dormi needs your help to devise a winning strategy!\r\n\r\nNote that the game master creates the tree before the game starts, and does not change it during the game.","authorLogin":"Plasmatic","language":"english","timeLimit":3000,"output":"When your program has found the tree, first output a line consisting of a single ``\\texttt{!}'' followed by $n-1$ lines each with two space separated integers $a$ and $b$, denoting an edge connecting nodes $a$ and $b$ ($1 \\le a, b \\le n$). Once you are done, terminate your program normally immediately after flushing the output stream.\r\n\r\nYou may output the edges in any order and an edge $(a,b)$ is considered the same as an edge $(b,a)$. Answering is not considered as a query.","inputFile":"stdin","outputFile":"stdout","input":"The first line of input contains the integer $n$ ($2 \\le n \\le 2\\,000$), the number of nodes in the tree.\r\n\r\nYou will then begin interaction.","authorName":"Moses Xu","sampleTests":[{"output":"? 1\r\n\r\n? 2\r\n\r\n!\r\n4 2\r\n1 2\r\n2 3\r\n","input":"4\r\n\r\n0 1 2 2\r\n\r\n1 0 1 1","inputFile":"example.01","outputFile":"example.01.a"},{"output":"? 5\r\n\r\n!\r\n4 5\r\n3 5\r\n2 4\r\n1 3\r\n","input":"5\r\n\r\n2 2 1 1 0\r\n","inputFile":"example.02","outputFile":"example.02.a"}],"name":"Lost Tree","interaction":"After taking input, you may make at most $\\lceil\\frac{n}{2}\\rceil$ queries.  Each query is made in the format ``\\texttt{? r}'', where $r$ is an integer $1 \\le r \\le n$ that denotes the node you want to pick for that query.\r\n\r\nYou will then receive $n$ space separated integers $d_1, d_2, \\ldots, d_n$, where $d_i$ is the length of the shortest path from node $r$ to $i$, followed by a newline.\r\n\r\nAfter printing a query do not forget to output end of line and flush the output. Otherwise, you will get \\t{Idleness limit exceeded}. To do this, use:\r\n\r\n\\begin{itemize}\r\n\\item \\t{fflush(stdout)} or \\t{cout.flush()} in C++;\r\n\\item \\t{System.out.flush()} in Java;\r\n\\item \\t{flush(output)} in Pascal;\r\n\\item \\t{stdout.flush()} in Python;\r\n\\item see documentation for other languages.\r\n\\end{itemize}\r\n\r\n\\textbf{If at any point you make an invalid query or try to make more than $\\lceil \\frac{n}{2} \\rceil$ queries, the interaction will terminate immediately and you will receive a Wrong Answer verdict.}\r\n\r\n\\textbf{Hacks}\r\n\r\nTo hack a solution, use the following format.\r\n\r\nThe first line contains the integer $n$ ($2 \\le n \\le 2\\,000$).\r\n\r\nThe next $n−1$ lines contain two integers $u$ and $v$ ($1 \\le u,v \\le n$) denoting an edge between $u$ and $v$ ($u \\neq v$).  These $n-1$ edges must form a tree.\r\n","memoryLimit":268435456,"tutorial":"If we had $n$ queries, solving this problem would be easy as we could just query every single node and add edges when $d_i=1$.  However, notice that as long as we make a query for at least $1$ endpoint of every edge, we will be able to find all the edges using this method.\r\n\r\nObserve that a tree is bipartite, so we would be able to achieve a bound of $\\lceil \\frac{n}{2} \\rceil$ as long as we only query the smaller bipartite set.  To figure out which set is smaller, we can just query any node and look at which nodes have odd depth and which ones have even depth.\r\n\r\nLastly, be careful with your queries so that your worst-case bound is $\\lceil \\frac{n}{2} \\rceil$ rather than $\\lfloor \\frac{n}{2} \\rfloor + 1$.  One way to do this is to not include the initial node you query in either bipartite set (so you are effectively working with $n-1$ nodes rather than $n$).\r\n\r\nTime complexity: $\\mathcal{O}(n^2)$"}