<?xml version="1.0" encoding="utf-8" standalone="no"?>
<problem revision="40" short-name="hidden-tree" url="https://polygon.codeforces.com/p2fKDKv/Plasmatic/hidden-tree">
        
    <names>
                
        <name language="english" value="Lost Tree"/>
                
        <name language="russian" value="Потерянное дерево"/>
            
    </names>
        
    <statements>
                
        <statement charset="UTF-8" language="english" mathjax="true" path="statements/english/problem.tex" type="application/x-tex"/>
                
        <statement charset="UTF-8" language="russian" mathjax="true" path="statements/russian/problem.tex" type="application/x-tex"/>
                
        <statement charset="UTF-8" language="english" mathjax="true" path="statements/.html/english/problem.html" type="text/html"/>
                
        <statement charset="UTF-8" language="russian" mathjax="true" path="statements/.html/russian/problem.html" type="text/html"/>
            
    </statements>
        
    <tutorials>
                
        <tutorial charset="UTF-8" language="english" mathjax="true" path="statements/english/tutorial.tex" type="application/x-tex"/>
                
        <tutorial charset="UTF-8" language="english" mathjax="true" path="statements/.html/english/tutorial.html" type="text/html"/>
                
        <tutorial language="english" path="statements/.pdf/english/tutorial.pdf" type="application/pdf"/>
            
    </tutorials>
        
    <judging cpu-name="Intel(R) Core(TM) i3-8100 CPU @ 3.60GHz" cpu-speed="3600" input-file="" output-file="">
                
        <testset name="tests">
                        
            <time-limit>3000</time-limit>
                        
            <memory-limit>268435456</memory-limit>
                        
            <test-count>130</test-count>
                        
            <input-path-pattern>tests/%02d</input-path-pattern>
                        
            <answer-path-pattern>tests/%02d.a</answer-path-pattern>
                        
            <tests>
                                
                <test cmd="gen 4 0" method="generated"/>
                                
                <test cmd="gen 5 3" method="generated"/>
                                
                <test cmd="gen 2000 0" method="generated"/>
                                
                <test cmd="gen 1989 20" method="generated"/>
                                
                <test cmd="gen 1996 -20" method="generated"/>
                                
                <test cmd="gen_star 2000 1676" method="generated"/>
                                
                <test cmd="gen_star 2000 1" method="generated"/>
                                
                <test cmd="specialgen 2000 2" method="generated"/>
                                
                <test cmd="gen_with_bipartite_size 2000 0 1000" method="generated"/>
                                
                <test cmd="gen_with_bipartite_size 2000 5 1000" method="generated"/>
                                
                <test cmd="gen 2 0" method="generated"/>
                                
                <test cmd="gen 3 0" method="generated"/>
                                
                <test cmd="specialgen 2000 1" method="generated"/>
                                
                <test cmd="specialgen 1999 1" method="generated"/>
                                
                <test cmd="specialgen 1999 2" method="generated"/>
                                
                <test cmd="specialgen 1821 1" method="generated"/>
                                
                <test cmd="specialgen 1821 2" method="generated"/>
                                
                <test cmd="specialgen 674 1" method="generated"/>
                                
                <test cmd="specialgen 674 2" method="generated"/>
                                
                <test cmd="gen 100 0" method="generated"/>
                                
                <test cmd="gen 1999 0" method="generated"/>
                                
                <test cmd="gen 100 10" method="generated"/>
                                
                <test cmd="gen 100 -10" method="generated"/>
                                
                <test cmd="gen 100 100" method="generated"/>
                                
                <test cmd="gen 100 -100" method="generated"/>
                                
                <test cmd="gen 100 10000" method="generated"/>
                                
                <test cmd="gen 100 -10000" method="generated"/>
                                
                <test cmd="gen 2000 1" method="generated"/>
                                
                <test cmd="gen 2000 -1" method="generated"/>
                                
                <test cmd="gen 2000 -2" method="generated"/>
                                
                <test cmd="gen 2000 2" method="generated"/>
                                
                <test cmd="gen 2000 3" method="generated"/>
                                
                <test cmd="gen 2000 -3" method="generated"/>
                                
                <test cmd="gen 2000 4" method="generated"/>
                                
                <test cmd="gen 2000 -4" method="generated"/>
                                
                <test cmd="gen 2000 5" method="generated"/>
                                
                <test cmd="gen 2000 -5" method="generated"/>
                                
                <test cmd="gen 712 0" method="generated"/>
                                
                <test cmd="gen 1994 0" method="generated"/>
                                
                <test cmd="gen 1987 20" method="generated"/>
                                
                <test cmd="gen 1905 -20" method="generated"/>
                                
                <test cmd="gen 5 0" method="generated"/>
                                
                <test cmd="gen 4 1" method="generated"/>
                                
                <test cmd="gen 2000 10" method="generated"/>
                                
                <test cmd="gen 2000 -10" method="generated"/>
                                
                <test cmd="gen 2000 25" method="generated"/>
                                
                <test cmd="gen 2000 -25" method="generated"/>
                                
                <test cmd="gen 2000 50" method="generated"/>
                                
                <test cmd="gen 2000 -50" method="generated"/>
                                
                <test cmd="gen 2000 100" method="generated"/>
                                
                <test cmd="gen 2000 -100" method="generated"/>
                                
                <test cmd="gen 2000 250" method="generated"/>
                                
                <test cmd="gen 2000 -250" method="generated"/>
                                
                <test cmd="gen 2000 500" method="generated"/>
                                
                <test cmd="gen 2000 -500" method="generated"/>
                                
                <test cmd="gen 2000 1000" method="generated"/>
                                
                <test cmd="gen 2000 -1000" method="generated"/>
                                
                <test cmd="gen 2000 2000" method="generated"/>
                                
                <test cmd="gen 2000 -2000" method="generated"/>
                                
                <test cmd="gen 1998 0" method="generated"/>
                                
                <test cmd="gen 1999 1" method="generated"/>
                                
                <test cmd="gen 1999 -1" method="generated"/>
                                
                <test cmd="gen 1999 5" method="generated"/>
                                
                <test cmd="gen 1999 -5" method="generated"/>
                                
                <test cmd="gen 1999 10" method="generated"/>
                                
                <test cmd="gen 1999 -10" method="generated"/>
                                
                <test cmd="gen 1999 50" method="generated"/>
                                
                <test cmd="gen 1999 -50" method="generated"/>
                                
                <test cmd="gen 1999 100" method="generated"/>
                                
                <test cmd="gen 1999 -100" method="generated"/>
                                
                <test cmd="gen 1965 0" method="generated"/>
                                
                <test cmd="gen 1965 1" method="generated"/>
                                
                <test cmd="gen 1965 -1" method="generated"/>
                                
                <test cmd="gen 1965 5" method="generated"/>
                                
                <test cmd="gen 1965 -5" method="generated"/>
                                
                <test cmd="gen 1965 10" method="generated"/>
                                
                <test cmd="gen 1965 -10" method="generated"/>
                                
                <test cmd="gen 1965 50" method="generated"/>
                                
                <test cmd="gen 1965 -50" method="generated"/>
                                
                <test cmd="gen 1965 100" method="generated"/>
                                
                <test cmd="gen 1965 -100" method="generated"/>
                                
                <test cmd="gen 1273 0" method="generated"/>
                                
                <test cmd="gen 1273 1" method="generated"/>
                                
                <test cmd="gen 1273 -1" method="generated"/>
                                
                <test cmd="gen 1273 5" method="generated"/>
                                
                <test cmd="gen 1273 -5" method="generated"/>
                                
                <test cmd="gen 1273 10" method="generated"/>
                                
                <test cmd="gen 1273 -10" method="generated"/>
                                
                <test cmd="gen 1273 50" method="generated"/>
                                
                <test cmd="gen 1273 -50" method="generated"/>
                                
                <test cmd="gen 1273 100" method="generated"/>
                                
                <test cmd="gen 1273 -100" method="generated"/>
                                
                <test cmd="gen 584 0" method="generated"/>
                                
                <test cmd="gen 584 1" method="generated"/>
                                
                <test cmd="gen 584 -1" method="generated"/>
                                
                <test cmd="gen 584 5" method="generated"/>
                                
                <test cmd="gen 584 -5" method="generated"/>
                                
                <test cmd="gen 584 10" method="generated"/>
                                
                <test cmd="gen 584 -10" method="generated"/>
                                
                <test cmd="gen 584 50" method="generated"/>
                                
                <test cmd="gen 584 -50" method="generated"/>
                                
                <test cmd="gen 584 100" method="generated"/>
                                
                <test cmd="gen 584 -100" method="generated"/>
                                
                <test cmd="gen_with_bipartite_size 2000 0 990" method="generated"/>
                                
                <test cmd="gen_with_bipartite_size 1999 0 1000" method="generated"/>
                                
                <test cmd="gen_with_bipartite_size 2000 1 1000" method="generated"/>
                                
                <test cmd="gen_with_bipartite_size 1999 1 1000" method="generated"/>
                                
                <test cmd="gen_with_bipartite_size 2000 5 975" method="generated"/>
                                
                <test cmd="gen_with_bipartite_size 1999 5 1000" method="generated"/>
                                
                <test cmd="gen_with_bipartite_size 2000 10 1000" method="generated"/>
                                
                <test cmd="gen_with_bipartite_size 1999 10 1000" method="generated"/>
                                
                <test cmd="gen_with_bipartite_size 2000 50 1000" method="generated"/>
                                
                <test cmd="gen_with_bipartite_size 1999 50 1000" method="generated"/>
                                
                <test cmd="gen_with_bipartite_size 2000 100 1000" method="generated"/>
                                
                <test cmd="gen_with_bipartite_size 1999 100 1000" method="generated"/>
                                
                <test cmd="gen_with_bipartite_size 2000 -1 1000" method="generated"/>
                                
                <test cmd="gen_with_bipartite_size 1999 -1 1000" method="generated"/>
                                
                <test cmd="gen_with_bipartite_size 2000 -5 1000" method="generated"/>
                                
                <test cmd="gen_with_bipartite_size 1999 -5 1000" method="generated"/>
                                
                <test cmd="gen_with_bipartite_size 2000 -10 1000" method="generated"/>
                                
                <test cmd="gen_with_bipartite_size 1999 -10 1000" method="generated"/>
                                
                <test cmd="gen_with_bipartite_size 2000 -50 1000" method="generated"/>
                                
                <test cmd="gen_with_bipartite_size 1999 -50 1000" method="generated"/>
                                
                <test cmd="gen_with_bipartite_size 2000 -100 1000" method="generated"/>
                                
                <test cmd="gen_with_bipartite_size 1999 -100 1000" method="generated"/>
                                
                <test cmd="gen_with_bipartite_size 2000 0 1350" method="generated"/>
                                
                <test cmd="gen_with_bipartite_size 2000 -5 1350" method="generated"/>
                                
                <test cmd="gen_with_bipartite_size 2000 5 1350" method="generated"/>
                                
                <test method="manual"/>
                                
                <test method="manual"/>
                            
            </tests>
                    
        </testset>
                
        <testset name="pretests">
                        
            <time-limit>3000</time-limit>
                        
            <memory-limit>268435456</memory-limit>
                        
            <test-count>12</test-count>
                        
            <input-path-pattern>pretests/%02d</input-path-pattern>
                        
            <answer-path-pattern>pretests/%02d.a</answer-path-pattern>
                        
            <tests>
                                
                <test cmd="gen 4 0" description="Example 1" method="generated" sample="true"/>
                                
                <test cmd="gen 5 3" description="Example 2" method="generated" sample="true"/>
                                
                <test cmd="gen 2000 0" method="generated"/>
                                
                <test cmd="gen 1989 20" method="generated"/>
                                
                <test cmd="gen 1996 -20" method="generated"/>
                                
                <test cmd="gen_star 2000 1676" method="generated"/>
                                
                <test cmd="gen_star 2000 1" method="generated"/>
                                
                <test cmd="specialgen 2000 2" method="generated"/>
                                
                <test cmd="gen_with_bipartite_size 2000 0 1000" method="generated"/>
                                
                <test cmd="gen_with_bipartite_size 2000 5 1000" method="generated"/>
                                
                <test cmd="gen 2 0" method="generated"/>
                                
                <test cmd="gen 3 0" method="generated"/>
                            
            </tests>
                    
        </testset>
            
    </judging>
        
    <files>
                
        <resources>
                        
            <file path="files/olymp.sty"/>
                        
            <file path="files/problem.tex"/>
                        
            <file path="files/statements.ftl"/>
                        
            <file path="files/testlib.h" type="h.g++"/>
                        
            <file path="files/tutorial.tex"/>
                    
        </resources>
                
        <executables>
                        
            <executable>
                                
                <source path="files/gen.cpp" type="cpp.g++17"/>
                                
                <binary path="files/gen.exe" type="exe.win32"/>
                            
            </executable>
                        
            <executable>
                                
                <source path="files/gen_star.cpp" type="cpp.g++17"/>
                                
                <binary path="files/gen_star.exe" type="exe.win32"/>
                            
            </executable>
                        
            <executable>
                                
                <source path="files/gen_with_bipartite_size.cpp" type="cpp.g++17"/>
                                
                <binary path="files/gen_with_bipartite_size.exe" type="exe.win32"/>
                            
            </executable>
                        
            <executable>
                                
                <source path="files/interactor.cpp" type="cpp.g++17"/>
                                
                <binary path="files/interactor.exe" type="exe.win32"/>
                            
            </executable>
                        
            <executable>
                                
                <source path="files/specialgen.cpp" type="cpp.g++17"/>
                                
                <binary path="files/specialgen.exe" type="exe.win32"/>
                            
            </executable>
                        
            <executable>
                                
                <source path="files/validator.cpp" type="cpp.g++17"/>
                                
                <binary path="files/validator.exe" type="exe.win32"/>
                            
            </executable>
                    
        </executables>
            
    </files>
        
    <assets>
                
        <checker name="std::ncmp.cpp" type="testlib">
                        
            <source path="files/check.cpp" type="cpp.g++17"/>
                        
            <binary path="check.exe" type="exe.win32"/>
                        
            <copy path="check.cpp"/>
                        
            <testset>
                                
                <test-count>0</test-count>
                                
                <input-path-pattern>files/tests/checker-tests/%02d</input-path-pattern>
                                
                <output-path-pattern>files/tests/checker-tests/%02d.o</output-path-pattern>
                                
                <answer-path-pattern>files/tests/checker-tests/%02d.a</answer-path-pattern>
                                
                <tests/>
                            
            </testset>
                    
        </checker>
                
        <interactor>
                        
            <source path="files/interactor.cpp" type="cpp.g++17"/>
                        
            <binary path="files/interactor.exe" type="exe.win32"/>
                    
        </interactor>
                
        <validators>
                        
            <validator>
                                
                <source path="files/validator.cpp" type="cpp.g++17"/>
                                
                <binary path="files/validator.exe" type="exe.win32"/>
                                
                <testset>
                                        
                    <test-count>6</test-count>
                                        
                    <input-path-pattern>files/tests/validator-tests/%02d</input-path-pattern>
                                        
                    <tests>
                                                
                        <test verdict="valid"/>
                                                
                        <test verdict="invalid"/>
                                                
                        <test verdict="valid"/>
                                                
                        <test verdict="invalid"/>
                                                
                        <test verdict="invalid"/>
                                                
                        <test verdict="valid"/>
                                            
                    </tests>
                                    
                </testset>
                            
            </validator>
                    
        </validators>
                
        <solutions>
                        
            <solution tag="accepted">
                                
                <source path="solutions/D.java" type="java11"/>
                                
                <binary path="solutions/D.jar" type="jar"/>
                            
            </solution>
                        
            <solution tag="accepted">
                                
                <source path="solutions/D_python_sol.py" type="python.pypy3"/>
                                
                <binary path="solutions/D_python_sol.pypys3" type="pythonx.pypy3"/>
                            
            </solution>
                        
            <solution tag="accepted">
                                
                <source path="solutions/allen.cpp" type="cpp.g++17"/>
                                
                <binary path="solutions/allen.exe" type="exe.win32"/>
                            
            </solution>
                        
            <solution tag="wrong-answer">
                                
                <source path="solutions/allen_floor_plus_1.cpp" type="cpp.g++17"/>
                                
                <binary path="solutions/allen_floor_plus_1.exe" type="exe.win32"/>
                            
            </solution>
                        
            <solution tag="wrong-answer">
                                
                <source path="solutions/eric_floor_plus_1.cpp" type="cpp.msys2-mingw64-9-g++17"/>
                                
                <binary path="solutions/eric_floor_plus_1.exe" type="exe.win32"/>
                            
            </solution>
                        
            <solution tag="main">
                                
                <source path="solutions/sol.cpp" type="cpp.g++17"/>
                                
                <binary path="solutions/sol.exe" type="exe.win32"/>
                            
            </solution>
                        
            <solution tag="accepted">
                                
                <source path="solutions/sol_diff_seed.cpp" type="cpp.g++17"/>
                                
                <binary path="solutions/sol_diff_seed.exe" type="exe.win32"/>
                            
            </solution>
                        
            <solution tag="wrong-answer">
                                
                <source path="solutions/sol_floor_plus_1.cpp" type="cpp.g++17"/>
                                
                <binary path="solutions/sol_floor_plus_1.exe" type="exe.win32"/>
                            
            </solution>
                        
            <solution tag="wrong-answer">
                                
                <source path="solutions/sol_floor_plus_1_thinks_2_is_only_edge_case.cpp" type="cpp.g++17"/>
                                
                <binary path="solutions/sol_floor_plus_1_thinks_2_is_only_edge_case.exe" type="exe.win32"/>
                            
            </solution>
                        
            <solution tag="rejected">
                                
                <source path="solutions/sol_no_op.cpp" type="cpp.g++17"/>
                                
                <binary path="solutions/sol_no_op.exe" type="exe.win32"/>
                            
            </solution>
                        
            <solution tag="wrong-answer">
                                
                <source path="solutions/sol_totally_wrong.cpp" type="cpp.g++17"/>
                                
                <binary path="solutions/sol_totally_wrong.exe" type="exe.win32"/>
                            
            </solution>
                    
        </solutions>
            
    </assets>
        
    <properties>
                
        <property name="tests-wellformed" value="true"/>
            
    </properties>
        
    <stresses>
                
        <stress-count>0</stress-count>
                
        <stress-path-pattern>stresses/%03d</stress-path-pattern>
                
        <list/>
            
    </stresses>
        
    <tags>
                
        <tag value="bipartite graph"/>
                
        <tag value="interactive"/>
                
        <tag value="trees"/>
            
    </tags>
    
</problem>
