{"scoring":null,"notes":"Ниже показано дерево из первого примера.\r\n\r\n\\begin{center}\r\n\\includegraphics[scale=1]{hidden-tree-sample-1.png}\r\n\\end{center}\r\n\r\nОбратите внимание, что ребра можно выводить в любом порядке.\r\n\r\nКроме того, ниже показаны ответы для всех возможных вопросов в примере $1$:\r\n\r\n\\begin{itemize}\r\n\r\n\\item $1$: $[0,1,2,2]$\r\n\\item $2$: $[1,0,1,1]$\r\n\\item $3$: $[2,1,0,2]$\r\n\\item $4$: $[2,1,2,0]$\r\n\r\n\\end{itemize}\r\n\r\nНиже показано дерево из второго примера.\r\n\r\n\\begin{center}\r\n\\includegraphics[scale=1]{hidden-tree-sample-2.png}\r\n\\end{center}\r\n\r\nДалее показаны ответы для всех возможных вопросов в примере $2$:\r\n\r\n\\begin{itemize}\r\n\r\n\\item $1$: $[0,4,1,3,2]$\r\n\\item $2$: $[4,0,3,1,2]$\r\n\\item $3$: $[1,3,0,2,1]$\r\n\\item $4$: $[3,1,2,0,1]$\r\n\\item $5$: $[2,2,1,1,0]$\r\n\r\n\\end{itemize}","legend":"\\textit{Это интерактивная задача.}\r\n\r\nМаленький Дорми на фестивале столкнулся со странной головоломкой: ему нужно угадать ребра невзвешенного дерева из $n$ вершин! Вершины дерева пронумерованы от $1$ до $n$.\r\n\r\nЕму разрешается задавать организатору вопросы одного вида:\r\n\r\n\\begin{itemize}\r\n\r\n\\item Маленький Дорми выбирает вершину $r$ ($1 \\le r \\le n$), а организатор в ответ предоставляет ему массив целых чисел $d_1, d_2, \\ldots, d_n$, где $d_i$~--- длина кратчайшего пути из $r$ в вершину $i$ для всех $1 \\le i \\le n$.\r\n\r\n\\end{itemize}\r\n\r\nКроме того, чтобы \\sout{сделать головоломку нечестной} дополнительно озадачить Дорми, организатор разрешает задать не более $\\lceil\\frac{n}{2}\\rceil$ вопросов, где $\\lceil x \\rceil$ обозначает наименьшее целое число, большее либо равное $x$.\r\n\r\nМаленький Дорми переживает, что может не угадать дерево, поэтому ему нужна ваша помощь!\r\n\r\nОбратите внимание, что организатор создает дерево до начала взаимодействия, и не меняет его в процессе взаимодействия.","authorLogin":"Plasmatic","language":"russian","timeLimit":3000,"output":"Когда ваша программа нашла дерево, выведите одну строку, содержащую <<\\texttt{!}>>, а затем $n-1$ строку, каждая из которых содержит два целых числа $a$ и $b$, означающие ребро, соединяющее вершины $a$ и $b$ ($1 \\le a, b \\le n$). После этого ваша программа должна сбросить буфер вывода и завершиться.\r\n\r\nВы можете выводить ребра дерева в любом порядке, ребро $(a,b)$ и ребро $(b,a)$ считаются одним и тем же ребром. Вывод ответа не считается как один из вопросов.","inputFile":"stdin","outputFile":"stdout","input":"Первая строка содержит одно целое число $n$ ($2 \\le n \\le 2\\,000$) \"--- количество вершин в дереве.\r\n\r\nПосле этого начинается взаимодействие.","authorName":"Moses Xu","sampleTests":[{"output":"? 1\r\n\r\n? 2\r\n\r\n!\r\n4 2\r\n1 2\r\n2 3\r\n","input":"4\r\n\r\n0 1 2 2\r\n\r\n1 0 1 1","inputFile":"example.01","outputFile":"example.01.a"},{"output":"? 5\r\n\r\n!\r\n4 5\r\n3 5\r\n2 4\r\n1 3\r\n","input":"5\r\n\r\n2 2 1 1 0\r\n","inputFile":"example.02","outputFile":"example.02.a"}],"name":"Потерянное дерево","interaction":"После чтения количества вершин, вы можете задать не более $\\lceil\\frac{n}{2}\\rceil$ вопросов. Каждый вопрос задается в формате <<\\texttt{? r}>>, где целое число $r$ ($1 \\le r \\le n$) обозначает номер вершины, которую вы выбрали для этого вопроса.\r\n\r\nПосле этого считайте $n$ целых чисел $d_1, d_2, \\ldots, d_n$ в отдельной строке, где $d_i$ равно длине кратчайшего пути из вершины $r$ в вершину $i$.\r\n\r\nПосле вывода запроса не забудьте вывести перевод строки и сбросить буфер вывода. В противном случае вы получите вердикт \\t{Решение <<зависло>>}. Для сброса буфера используйте:\r\n\r\n\\begin{itemize}\r\n\\item \\t{fflush(stdout)} или \\t{cout.flush()} в C++;\r\n\\item \\t{System.out.flush()} в Java;\r\n\\item \\t{flush(output)} в Pascal;\r\n\\item \\t{stdout.flush()} в Python;\r\n\\item смотрите документацию для других языков.\r\n\\end{itemize}\r\n\r\n\\textbf{Если в какой-то момент вы задали больше, чем $\\lceil \\frac{n}{2} \\rceil$ вопросов, взаимодействие прекратится, и вы получите вердикт <<Неправильный ответ>>.}\r\n\r\n\\textbf{Взломы}\r\n\r\nЧтобы взломать решение, используйте следующий формат теста.\r\n\r\nПервая строка содержит целое число $n$ ($2 \\le n \\le 2\\,000$).\r\n\r\nСледующие $n−1$ строк содержат два целых числа $u$ и $v$ ($1 \\le u,v \\le n$), обозначающие ребро между вершинами $u$ и $v$ ($u \\neq v$). Эти $n-1$ ребер должны образовывать дерево.\r\n","memoryLimit":268435456,"tutorial":""}