<?xml version="1.0" encoding="utf-8" standalone="no"?>
<problem revision="47" short-name="xor-to-find-hidden-array" url="https://polygon.codeforces.com/p5neg7z/Plasmatic/xor-to-find-hidden-array">
        
    <names>
                
        <name language="english" value="Lost Array"/>
                
        <name language="russian" value="Потерянный массив"/>
            
    </names>
        
    <statements>
                
        <statement charset="UTF-8" language="english" mathjax="true" path="statements/english/problem.tex" type="application/x-tex"/>
                
        <statement charset="UTF-8" language="russian" mathjax="true" path="statements/russian/problem.tex" type="application/x-tex"/>
                
        <statement charset="UTF-8" language="english" mathjax="true" path="statements/.html/english/problem.html" type="text/html"/>
                
        <statement charset="UTF-8" language="russian" mathjax="true" path="statements/.html/russian/problem.html" type="text/html"/>
            
    </statements>
        
    <tutorials>
                
        <tutorial charset="UTF-8" language="english" mathjax="true" path="statements/english/tutorial.tex" type="application/x-tex"/>
                
        <tutorial charset="UTF-8" language="english" mathjax="true" path="statements/.html/english/tutorial.html" type="text/html"/>
                
        <tutorial language="english" path="statements/.pdf/english/tutorial.pdf" type="application/pdf"/>
            
    </tutorials>
        
    <judging cpu-name="Intel(R) Core(TM) i3-8100 CPU @ 3.60GHz" cpu-speed="3600" input-file="" output-file="">
                
        <testset name="tests">
                        
            <time-limit>1500</time-limit>
                        
            <memory-limit>268435456</memory-limit>
                        
            <test-count>70</test-count>
                        
            <input-path-pattern>tests/%02d</input-path-pattern>
                        
            <answer-path-pattern>tests/%02d.a</answer-path-pattern>
                        
            <tests>
                                
                <test description="Sample case" method="manual"/>
                                
                <test description="Impossible sample" method="manual"/>
                                
                <test cmd="gen 475 500 475 500 999999900 1000000000 0" method="generated"/>
                                
                <test cmd="gen 500 500 499 499 1 1000000000 0" method="generated"/>
                                
                <test cmd="gen 498 498 497 497 1 1000000000 0" method="generated"/>
                                
                <test cmd="gen 500 500 497 497 2 1000000000 0" method="generated"/>
                                
                <test cmd="gen 496 496 485 485 2 1000000000 0" method="generated"/>
                                
                <test cmd="gen 493 493 7 7 2 1000000000 0" method="generated"/>
                                
                <test cmd="gen 492 492 12 12 1 1000000000 0" method="generated"/>
                                
                <test cmd="gen 500 500 496 498 1 1000000000 0" method="generated"/>
                                
                <test cmd="gen 1 500 1 500 1 1000000000 0" method="generated"/>
                                
                <test cmd="gen 475 500 1 500 1 1000000000 0" method="generated"/>
                                
                <test cmd="gen 475 500 1 500 2 1000000000 0" method="generated"/>
                                
                <test cmd="gen 500 500 2 5 1 1000000000 0" method="generated"/>
                                
                <test cmd="gen 475 500 1 100 1 1000000000 0" method="generated"/>
                                
                <test cmd="gen 11 100 1 100 1 1000000000 0" method="generated"/>
                                
                <test cmd="gen 1 500 1 500 10 1000000000 0" method="generated"/>
                                
                <test cmd="gen 500 500 490 500 500000000 1000000000 0" method="generated"/>
                                
                <test cmd="gen 500 500 490 495 1 1000000000 0" method="generated"/>
                                
                <test cmd="gen 1 1 1 1 1 1000000000 0" method="generated"/>
                                
                <test cmd="gen 2 2 1 2 1 1000000000 0" method="generated"/>
                                
                <test cmd="gen 3 3 1 3 1 1000000000 0" method="generated"/>
                                
                <test cmd="gen 4 4 1 4 1 1000000000 0" method="generated"/>
                                
                <test cmd="gen 5 5 1 5 1 1000000000 0" method="generated"/>
                                
                <test cmd="gen 1 10 9 10 1 100 0" method="generated"/>
                                
                <test cmd="gen 1 10 1 10 1 100 0" method="generated"/>
                                
                <test cmd="gen 11 100 1 10 1 1000000000 0" method="generated"/>
                                
                <test cmd="gen 11 100 1 100 1 1000000000 0 123456789" method="generated"/>
                                
                <test cmd="gen 21 250 1 20 1 1000000000 0" method="generated"/>
                                
                <test cmd="gen 21 250 1 250 1 1000000000 0" method="generated"/>
                                
                <test cmd="gen 476 500 1 20 1 1000000000 0" method="generated"/>
                                
                <test cmd="gen 499 499 490 500 500000000 1000000000 0" method="generated"/>
                                
                <test cmd="gen 500 500 490 500 500000001 1000000000 0" method="generated"/>
                                
                <test cmd="gen 500 500 6 10 1 1000000000 0" method="generated"/>
                                
                <test cmd="gen 500 500 11 20 1 1000000000 0" method="generated"/>
                                
                <test cmd="gen 499 499 2 5 1 1000000000 0" method="generated"/>
                                
                <test cmd="gen 499 499 6 10 1 1000000000 0" method="generated"/>
                                
                <test cmd="gen 499 499 11 20 1 1000000000 0" method="generated"/>
                                
                <test cmd="gen 500 500 499 499 3 1000000000 0" method="generated"/>
                                
                <test cmd="gen 500 500 496 498 2 1000000000 0" method="generated"/>
                                
                <test cmd="gen 500 500 490 495 2 1000000000 0" method="generated"/>
                                
                <test cmd="gen 500 500 480 489 1 1000000000 0" method="generated"/>
                                
                <test cmd="gen 499 499 496 498 1 1000000000 0" method="generated"/>
                                
                <test cmd="gen 499 499 490 495 1 1000000000 0" method="generated"/>
                                
                <test cmd="gen 499 499 480 489 1 1000000000 0" method="generated"/>
                                
                <test cmd="gen 1 100 1 500 1 1000000000 1" method="generated"/>
                                
                <test cmd="gen 225 500 1 500 1 1000000000 1" method="generated"/>
                                
                <test cmd="gen 475 500 1 500 1 1000000000 1" method="generated"/>
                                
                <test cmd="gen 475 500 1 500 999999000 1000000000 1" method="generated"/>
                                
                <test cmd="gen 475 500 1 500 1 250 1" method="generated"/>
                                
                <test cmd="gen 490 500 490 500 1 1000000000 1" method="generated"/>
                                
                <test cmd="gen 475 500 1 500 4 1000000000 0" method="generated"/>
                                
                <test cmd="gen 475 500 1 500 5 1000000000 0" method="generated"/>
                                
                <test cmd="gen 1 500 1 500 6 1000000000 0" method="generated"/>
                                
                <test cmd="gen 1 500 1 500 7 1000000000 0" method="generated"/>
                                
                <test cmd="gen 1 500 1 500 8 1000000000 0" method="generated"/>
                                
                <test cmd="gen 1 500 1 500 9 1000000000 0" method="generated"/>
                                
                <test cmd="gen 1 500 1 500 11 1000000000 0" method="generated"/>
                                
                <test cmd="gen 475 500 1 500 3 1000000000 0" method="generated"/>
                                
                <test cmd="gen 500 500 1 1 1 1000000000 0" method="generated"/>
                                
                <test cmd="gen 500 500 2 5 2 1000000000 0" method="generated"/>
                                
                <test cmd="gen 475 500 475 500 999000001 1000000000 0" method="generated"/>
                                
                <test cmd="gen 1 500 1 500 1 1000000000 1" method="generated"/>
                                
                <test cmd="gen 1 500 1 500 2 1000000000 1" method="generated"/>
                                
                <test cmd="gen 1 500 1 500 3 1000000000 1" method="generated"/>
                                
                <test cmd="gen 475 500 475 500 1 1000000000 0" method="generated"/>
                                
                <test cmd="gen 475 500 475 500 999000000 1000000000 0" method="generated"/>
                                
                <test cmd="gen_fixed_ans 475 500 1 500 1 1000000000 0 1073741823" method="generated"/>
                                
                <test cmd="gen_fixed_ans 475 500 1 500 1 1000000000 0 0" method="generated"/>
                                
                <test cmd="gen 475 500 1 500 1 10 0" method="generated"/>
                            
            </tests>
                    
        </testset>
                
        <testset name="pretests">
                        
            <time-limit>1500</time-limit>
                        
            <memory-limit>268435456</memory-limit>
                        
            <test-count>22</test-count>
                        
            <input-path-pattern>pretests/%02d</input-path-pattern>
                        
            <answer-path-pattern>pretests/%02d.a</answer-path-pattern>
                        
            <tests>
                                
                <test description="Sample case" method="manual" sample="true"/>
                                
                <test description="Impossible sample" method="manual" sample="true"/>
                                
                <test cmd="gen 475 500 475 500 999999900 1000000000 0" method="generated"/>
                                
                <test cmd="gen 500 500 499 499 1 1000000000 0" method="generated"/>
                                
                <test cmd="gen 498 498 497 497 1 1000000000 0" method="generated"/>
                                
                <test cmd="gen 500 500 497 497 2 1000000000 0" method="generated"/>
                                
                <test cmd="gen 496 496 485 485 2 1000000000 0" method="generated"/>
                                
                <test cmd="gen 493 493 7 7 2 1000000000 0" method="generated"/>
                                
                <test cmd="gen 492 492 12 12 1 1000000000 0" method="generated"/>
                                
                <test cmd="gen 500 500 496 498 1 1000000000 0" method="generated"/>
                                
                <test cmd="gen 1 500 1 500 1 1000000000 0" method="generated"/>
                                
                <test cmd="gen 475 500 1 500 1 1000000000 0" method="generated"/>
                                
                <test cmd="gen 475 500 1 500 2 1000000000 0" method="generated"/>
                                
                <test cmd="gen 500 500 2 5 1 1000000000 0" method="generated"/>
                                
                <test cmd="gen 475 500 1 100 1 1000000000 0" method="generated"/>
                                
                <test cmd="gen 11 100 1 100 1 1000000000 0" method="generated"/>
                                
                <test cmd="gen 1 500 1 500 10 1000000000 0" method="generated"/>
                                
                <test cmd="gen 500 500 490 500 500000000 1000000000 0" method="generated"/>
                                
                <test cmd="gen 500 500 490 495 1 1000000000 0" method="generated"/>
                                
                <test cmd="gen 1 1 1 1 1 1000000000 0" method="generated"/>
                                
                <test cmd="gen 2 2 1 2 1 1000000000 0" method="generated"/>
                                
                <test cmd="gen 3 3 1 3 1 1000000000 0" method="generated"/>
                            
            </tests>
                    
        </testset>
            
    </judging>
        
    <files>
                
        <resources>
                        
            <file path="files/olymp.sty"/>
                        
            <file path="files/problem.tex"/>
                        
            <file path="files/statements.ftl"/>
                        
            <file path="files/testlib.h" type="h.g++"/>
                        
            <file path="files/tutorial.tex"/>
                    
        </resources>
                
        <executables>
                        
            <executable>
                                
                <source path="files/checker.cpp" type="cpp.g++17"/>
                                
                <binary path="files/checker.exe" type="exe.win32"/>
                            
            </executable>
                        
            <executable>
                                
                <source path="files/gen.cpp" type="cpp.g++17"/>
                                
                <binary path="files/gen.exe" type="exe.win32"/>
                            
            </executable>
                        
            <executable>
                                
                <source path="files/gen_fixed_ans.cpp" type="cpp.g++17"/>
                                
                <binary path="files/gen_fixed_ans.exe" type="exe.win32"/>
                            
            </executable>
                        
            <executable>
                                
                <source path="files/interactor.cpp" type="cpp.g++17"/>
                                
                <binary path="files/interactor.exe" type="exe.win32"/>
                            
            </executable>
                        
            <executable>
                                
                <source path="files/validator.cpp" type="cpp.g++17"/>
                                
                <binary path="files/validator.exe" type="exe.win32"/>
                            
            </executable>
                    
        </executables>
            
    </files>
        
    <assets>
                
        <checker type="testlib">
                        
            <source path="files/checker.cpp" type="cpp.g++17"/>
                        
            <binary path="check.exe" type="exe.win32"/>
                        
            <copy path="check.cpp" type="cpp.g++17"/>
                        
            <testset>
                                
                <test-count>9</test-count>
                                
                <input-path-pattern>files/tests/checker-tests/%02d</input-path-pattern>
                                
                <output-path-pattern>files/tests/checker-tests/%02d.o</output-path-pattern>
                                
                <answer-path-pattern>files/tests/checker-tests/%02d.a</answer-path-pattern>
                                
                <tests>
                                        
                    <test verdict="ok"/>
                                        
                    <test verdict="wrong-answer"/>
                                        
                    <test verdict="wrong-answer"/>
                                        
                    <test verdict="wrong-answer"/>
                                        
                    <test verdict="ok"/>
                                        
                    <test verdict="crashed"/>
                                        
                    <test verdict="ok"/>
                                        
                    <test verdict="wrong-answer"/>
                                        
                    <test verdict="wrong-answer"/>
                                    
                </tests>
                            
            </testset>
                    
        </checker>
                
        <interactor>
                        
            <source path="files/interactor.cpp" type="cpp.g++17"/>
                        
            <binary path="files/interactor.exe" type="exe.win32"/>
                    
        </interactor>
                
        <validators>
                        
            <validator>
                                
                <source path="files/validator.cpp" type="cpp.g++17"/>
                                
                <binary path="files/validator.exe" type="exe.win32"/>
                                
                <testset>
                                        
                    <test-count>14</test-count>
                                        
                    <input-path-pattern>files/tests/validator-tests/%02d</input-path-pattern>
                                        
                    <tests>
                                                
                        <test verdict="valid"/>
                                                
                        <test verdict="valid"/>
                                                
                        <test verdict="invalid"/>
                                                
                        <test verdict="invalid"/>
                                                
                        <test verdict="valid"/>
                                                
                        <test verdict="valid"/>
                                                
                        <test verdict="invalid"/>
                                                
                        <test verdict="invalid"/>
                                                
                        <test verdict="valid"/>
                                                
                        <test verdict="invalid"/>
                                                
                        <test verdict="invalid"/>
                                                
                        <test verdict="invalid"/>
                                                
                        <test verdict="invalid"/>
                                                
                        <test verdict="valid"/>
                                            
                    </tests>
                                    
                </testset>
                            
            </validator>
                    
        </validators>
                
        <solutions>
                        
            <solution tag="accepted">
                                
                <source path="solutions/E.java" type="java11"/>
                                
                <binary path="solutions/E.jar" type="jar"/>
                            
            </solution>
                        
            <solution tag="accepted">
                                
                <source path="solutions/E_python_sol.py" type="python.pypy3"/>
                                
                <binary path="solutions/E_python_sol.pypys3" type="pythonx.pypy3"/>
                            
            </solution>
                        
            <solution tag="accepted">
                                
                <source path="solutions/allen.cpp" type="cpp.g++17"/>
                                
                <binary path="solutions/allen.exe" type="exe.win32"/>
                            
            </solution>
                        
            <solution tag="main">
                                
                <source path="solutions/sol.cpp" type="cpp.g++17"/>
                                
                <binary path="solutions/sol.exe" type="exe.win32"/>
                            
            </solution>
                        
            <solution tag="wrong-answer">
                                
                <source path="solutions/sol_invalid_answer.cpp" type="cpp.g++17"/>
                                
                <binary path="solutions/sol_invalid_answer.exe" type="exe.win32"/>
                            
            </solution>
                        
            <solution tag="wrong-answer">
                                
                <source path="solutions/sol_invalid_queries.cpp" type="cpp.g++17"/>
                                
                <binary path="solutions/sol_invalid_queries.exe" type="exe.win32"/>
                            
            </solution>
                        
            <solution tag="wrong-answer">
                                
                <source path="solutions/sol_invalid_queries_2.cpp" type="cpp.g++17"/>
                                
                <binary path="solutions/sol_invalid_queries_2.exe" type="exe.win32"/>
                            
            </solution>
                        
            <solution tag="rejected">
                                
                <source path="solutions/sol_no_op.cpp" type="cpp.g++17"/>
                                
                <binary path="solutions/sol_no_op.exe" type="exe.win32"/>
                            
            </solution>
                        
            <solution tag="accepted">
                                
                <source path="solutions/sol_peter.cpp" type="cpp.g++17"/>
                                
                <binary path="solutions/sol_peter.exe" type="exe.win32"/>
                            
            </solution>
                        
            <solution tag="rejected">
                                
                <source path="solutions/sol_peter_wa22.cpp" type="cpp.g++17"/>
                                
                <binary path="solutions/sol_peter_wa22.exe" type="exe.win32"/>
                            
            </solution>
                        
            <solution tag="wrong-answer">
                                
                <source path="solutions/sol_peter_wa5_1.cpp" type="cpp.g++17"/>
                                
                <binary path="solutions/sol_peter_wa5_1.exe" type="exe.win32"/>
                            
            </solution>
                        
            <solution tag="wrong-answer">
                                
                <source path="solutions/sol_peter_wa5_2.cpp" type="cpp.g++17"/>
                                
                <binary path="solutions/sol_peter_wa5_2.exe" type="exe.win32"/>
                            
            </solution>
                        
            <solution tag="wrong-answer">
                                
                <source path="solutions/sol_query_duplicate_indices.cpp" type="cpp.g++17"/>
                                
                <binary path="solutions/sol_query_duplicate_indices.exe" type="exe.win32"/>
                            
            </solution>
                        
            <solution tag="wrong-answer">
                                
                <source path="solutions/sol_too_many_queries.cpp" type="cpp.g++17"/>
                                
                <binary path="solutions/sol_too_many_queries.exe" type="exe.win32"/>
                            
            </solution>
                        
            <solution tag="wrong-answer">
                                
                <source path="solutions/sol_wa.cpp" type="cpp.g++17"/>
                                
                <binary path="solutions/sol_wa.exe" type="exe.win32"/>
                            
            </solution>
                        
            <solution tag="accepted">
                                
                <source path="solutions/xor_sk.cpp" type="cpp.g++17"/>
                                
                <binary path="solutions/xor_sk.exe" type="exe.win32"/>
                            
            </solution>
                        
            <solution tag="accepted">
                                
                <source path="solutions/xor_sk_fastio.cpp" type="cpp.g++17"/>
                                
                <binary path="solutions/xor_sk_fastio.exe" type="exe.win32"/>
                            
            </solution>
                        
            <solution tag="accepted">
                                
                <source path="solutions/xor_sk_n3.cpp" type="cpp.g++17"/>
                                
                <binary path="solutions/xor_sk_n3.exe" type="exe.win32"/>
                            
            </solution>
                    
        </solutions>
            
    </assets>
        
    <properties>
                
        <property name="tests-wellformed" value="true"/>
            
    </properties>
        
    <stresses>
                
        <stress-count>1</stress-count>
                
        <stress-path-pattern>stresses/%03d</stress-path-pattern>
                
        <list>
                        
            <stress index="1" path="stresses/001"/>
                    
        </list>
            
    </stresses>
        
    <tags>
                
        <tag value="bfs"/>
                
        <tag value="interactive"/>
                
        <tag value="xor"/>
            
    </tags>
    
</problem>
